<?xml version="1.0" encoding="UTF-8"?>

 <peripheral constructor="constructor"
    destructor="destructor"
    httpvis="F"
    imagefile="pse.pse"
    library="peripheral"
    name="router"
    releasestatus="0"
    saveRestore="F"
    vendor="gaph"
    version="1.0"
    visibility="0">
    <docsection name="doc"
        text="Description">
        <doctext name="txt"
            text="A OVP Wormhole Router"/>
    </docsection>
    <busmasterport addresswidth="32"
        name="RREAD"/>
    <busmasterport addresswidth="32"
        name="RWRITE"/>
    <busslaveport addresswidth="32"
        mustbeconnected="T"
        name="localPort"
        size="0x4">
        <addressblock name="regs"
            size="0x4"
            width="32">
            <memorymappedregister access="rw"
                isvolatile="T"
                name="myAddress"
                offset="0x0"
                readfunction="addressRead"
                width="32"
                writefunction="addressWrite"/>
        </addressblock>
    </busslaveport>
    <packetnetport maxbytes="4"
        mustbeconnected="F"
        name="portDataEast"
        updatefunction="dataEast"
        updatefunctionargument="0"/>
    <packetnetport maxbytes="4"
        mustbeconnected="F"
        name="portDataWest"
        updatefunction="dataWest"
        updatefunctionargument="0"/>
    <packetnetport maxbytes="4"
        mustbeconnected="F"
        name="portDataNorth"
        updatefunction="dataNorth"
        updatefunctionargument="0"/>
    <packetnetport maxbytes="4"
        mustbeconnected="F"
        name="portDataSouth"
        updatefunction="dataSouth"
        updatefunctionargument="0"/>
    <packetnetport maxbytes="4"
        mustbeconnected="F"
        name="portDataLocal"
        updatefunction="dataLocal"
        updatefunctionargument="0"/>
    <packetnetport maxbytes="8"
        mustbeconnected="F"
        name="iterationsPort"
        updatefunction="iterationPort"
        updatefunctionargument="0"/>
    <packetnetport maxbytes="8"
        mustbeconnected="F"
        name="portControlEast"
        updatefunction="controlEast"
        updatefunctionargument="0"/>
    <packetnetport maxbytes="8"
        mustbeconnected="F"
        name="portControlWest"
        updatefunction="controlWest"
        updatefunctionargument="0"/>
    <packetnetport maxbytes="8"
        mustbeconnected="F"
        name="portControlNorth"
        updatefunction="controlNorth"
        updatefunctionargument="0"/>
    <packetnetport maxbytes="8"
        mustbeconnected="F"
        name="portControlSouth"
        updatefunction="controlSouth"
        updatefunctionargument="0"/>
    <packetnetport maxbytes="8"
        mustbeconnected="F"
        name="portControlLocal"
        updatefunction="controlLocal"
        updatefunctionargument="0">
        <docsection name="doc"
            text="Description">
            <doctext name="txt"
                text="Interrupt Request"/>
        </docsection>
    </packetnetport>
    <fileversion major="1"
        minor="0"
        name="_version_0"/>
 </peripheral>
